method,seed,normalized_l2_intent_auc,l2_intent_bins_at_10000,normalized_l2_validated_auc,l2_validated_bins_at_10000,checkpoint_to_full_l2_intent,checkpoint_to_full_l2_validated,final_l1_intent,final_l1_validated,runtime_accepted_per_s,cycles,stall_cycles,source_sha256
M1,1001,0.9775806451612903,61,0.9775806451612903,61,12000,12000,18,18,877.1081222376199,138865,249,01714b38deb240b4c1a7c7c208bb67c43837ab1a7c315f22874c23c318c374ef
M1,1002,0.9753225806451612,61,0.9753225806451612,61,15000,15000,18,18,944.4500981048006,138628,246,f12b19dbd13aa5e3adbcf85ad0502d0ff116e9287f50dcb815a5776d3960ff2d
M1,1003,0.9708064516129034,61,0.9708064516129034,61,16000,16000,18,18,1047.7434577289532,138313,209,4a38d1d609738f624856c14ae22a2512d3b1a044e32d2a051aea91f95a6c32d9
M1,1004,0.9772580645161291,61,0.9772580645161291,61,13000,13000,18,18,1040.1871474300583,138495,261,9b40d0ac903ca21980cead2c9b0a6a4ab30cb321bff6191e7a6b1492f2c655ef
M1,1005,0.9764516129032258,60,0.9764516129032258,60,15000,15000,18,18,933.778453650752,138596,252,12b0d9a888d0926859c13fde2ad7f9f2b8858b4b91ad84ad98191b22e2f7d747
M1,1006,0.9782258064516128,62,0.9782258064516128,62,9000,9000,18,18,964.0641326695574,138919,249,3d8a6602e18117bdc726abad72eb4530171c973a2beb3f7f9d29e26597894fbe
M1,1007,0.9669354838709677,59,0.9669354838709677,59,19000,19000,18,18,948.8245888318331,138319,211,17e372bae98d6650e4a775d9b8d4a055f24bab003e077b6f7be0f654061df7e0
M1,1008,0.9682258064516128,59,0.9682258064516128,59,14000,14000,18,18,944.0908866547522,138560,216,402898a87cf7c8fb7c513683e53ef281650a48f486bd31802f07f4d54052bfd2
M1,1009,0.9741935483870968,61,0.9741935483870968,61,12000,12000,18,18,979.2358984523082,138952,246,d8226b502d3c59f9988ef68c01ecf48c6c4c2ac0274670106a67f92d304610b3
M1,1010,0.9769354838709677,61,0.9769354838709677,61,13000,13000,18,18,941.457070880235,139365,219,2ec409430f5f00bd7a71becf616d75fe158ca3b72eb236c312201dc61d7d6b8d
M1,1011,0.974516129032258,61,0.9741935483870968,61,17000,17000,18,18,947.2341740260863,139389,241,5998dc3b5a8157991e8199fea9df9db038969d5e7faff835efa60cbabc0efcb6
M1,1012,0.9720967741935485,60,0.9720967741935485,60,11000,11000,18,18,950.9720342660614,138700,214,ef72ef38f7f3724587a59775837a4ff37b4445460a343157cd4c101d24f1ecda
M1,1013,0.9706451612903225,60,0.9704838709677419,60,20000,20000,18,18,959.9547655951881,138525,219,b0961ff4138c08f53ee0811b461bde40584c0b69940f38cf72bb1846548e6288
M1,1014,0.9717741935483871,59,0.9717741935483871,59,16000,16000,18,18,946.3564739801701,138883,265,5fb3fd78039a7d5d82a904adcb3ce10eafac02cdc6f643aad7def2138f94235a
M1,1015,0.9777419354838709,62,0.9777419354838709,62,9000,9000,18,18,955.3042165281151,138472,236,d5bc89db3744b7c60e0aab9b9feb9a22a2061390b06bab4ab9cdb48a22a96805
M2,2001,0.995,62,0.995,62,1000,1000,17,17,1204.1217660877992,109600,4818,972cbe5535be35385d30fa68d0a7523fba2f85ab3bbe8f9a28b975ce622fe90f
M2,2002,0.995,62,0.995,62,1000,1000,17,17,1193.556448976889,109872,4924,e223ff74736a628a05b9963e1904da5bc57e3541b3799a6d5f23f96646773780
M2,2003,0.995,62,0.995,62,1000,1000,17,17,1322.6554772394777,110059,5085,3157d9e76bb19b3f193b8b08764bd79a9ca82cf766ac3332128e454a9d9e0226
M2,2004,0.995,62,0.995,62,1000,1000,17,17,1297.3840048898276,109876,4854,984d0af0c593a4587a4c90a1d81924b525b6c311d1872da8d099c98db8f8a5c9
M2,2005,0.995,62,0.995,62,1000,1000,17,17,1314.0430302884622,109980,4984,9a95fd778eb509ad9dbac7809999fe9b3d3a7e6af471b8078b01a5b906195eaf
M2,2006,0.995,62,0.995,62,1000,1000,17,17,1337.2510457886253,109978,4962,d0d0064c8f73bafaa011c0267a6aeaab4702f05602106dec3bf56ae540f812f6
M2,2007,0.995,62,0.995,62,1000,1000,17,17,1325.849633309434,110108,5102,5779a3aa1da7872afa2e9cb6d075a4c2fac3e0a05c2a4f09dc43a1ac303951bd
M2,2008,0.995,62,0.995,62,1000,1000,17,17,1290.166401024772,110184,5162,8ebfb2d5a97e6d284672b4977be0bbe4da0fd378af50bedb4d6077b27b8a1d43
M2,2009,0.995,62,0.995,62,1000,1000,17,17,1309.4485340618664,109880,4964,d32dcfb79e7e0d23ae1e1bcdfde9feacd938ea14a0d4e94241032f8e7a1a8b32
M2,2010,0.9948387096774194,62,0.9948387096774194,62,2000,2000,17,17,1290.7206378073213,109946,5038,630ec1ee776a5ff48ccc5055bdf70a902830b0c2378519d6dbe9abedd2f25774
M2,2011,0.9948387096774194,62,0.9948387096774194,62,2000,2000,17,17,1310.3487558563424,110031,5081,0419876db5a8e52b899be401a429c2729583d2db94c97322f657c55ce5c8eec5
M2,2012,0.995,62,0.995,62,1000,1000,17,17,1253.6835398796288,110029,5037,f0d059060a9b91c19d88f4f01a0e1a0ec42e0c9cce350772075179dafa28a682
M2,2013,0.995,62,0.995,62,1000,1000,17,17,1457.3156520690181,109989,4969,a821f8aa5b7ee2e2260008f913e53dd00d9e3e3faebfbbfebf2193da061a1b72
M2,2014,0.995,62,0.995,62,1000,1000,17,17,1401.336976756054,109913,4897,298818c8bf8c27e0a401e1a7706b9ea3a7af41ed64818992a5049f6be1de4a37
M2,2015,0.995,62,0.995,62,1000,1000,17,17,1291.635481846909,109999,4959,c82804823863bffa729b5ed505135862f7f8f3e9b4bc6ef8ba8908aed95c8705
M3,3001,0.8819354838709678,25,0.8819354838709678,25,24000,24000,17,17,1398.0249431554687,109066,2200,2a86120ed018046c78c9a27a452f649789665073f4aaebd3ae5ebc1314ccd551
M3,3002,0.8406451612903226,20,0.8406451612903226,20,32000,32000,17,17,1318.5275135886166,106206,3200,a79df77607cb30909907f94fe838387ec33c278b66da903f1257c2212b66d42d
M3,3003,0.9070967741935485,34,0.9070967741935485,34,19000,19000,16,16,1264.8208899075814,108548,1200,11afc8d6140066f560ab4f061b1e4f41728afe47773585b78418b9f25c96d671
M3,3004,0.8414516129032258,20,0.8414516129032258,20,32000,32000,16,16,1186.7436138185926,115466,7600,579a9ee1c2a0120ccc953339013d8aeef3d32bcd6005fd1241256368cb99246c
M3,3005,0.840967741935484,20,0.840967741935484,20,32000,32000,16,16,1268.8597989721998,115610,10600,2fe5702cfbadc0067d4f27e1dcb5dcc4321d05f69d8ab4fb7e25137057f8aeaa
M3,3006,0.8827419354838709,24,0.8827419354838709,24,24000,24000,16,16,1298.6740890673093,108142,3800,963808f79a38840e4882549b80c3c998066c10b1c2b99e91936af2ea6ef8a3ba
M3,3007,0.8375806451612903,20,0.8375806451612903,20,33000,33000,17,17,1285.2678061155448,107276,2600,ce43368780cfb030a111510bfa3cca2f81a0726f8b88a0ed0644539c9ec94dda
M3,3008,0.8429032258064515,21,0.8429032258064515,21,32000,32000,16,16,1230.2731754640802,114344,9000,a253d2c3573a40d9854fa8944165ae487607a566c4147064ed1b68f030488f68
M3,3009,0.8725806451612903,20,0.8725806451612903,20,26000,26000,17,17,1276.2541177769422,107476,2800,03e7da2dcfd1865fe092efe8afcb06a9d78468a1d578c0950e6ff7d4a5117b7e
M3,3010,0.8030645161290323,20,0.8030645161290323,20,41000,41000,16,16,1284.585739709123,113408,9400,79f3adaa455267ab54ea530a9d1fff9144133c582b796524d458b38480a151e6
M3,3011,0.9138709677419354,36,0.9138709677419354,36,17000,17000,16,16,1451.6165913878826,110612,4600,de0ce66a514cc1a9b6e89e67f480651257e3885cf83c5c2ac3f0c6b9c96c1b15
M3,3012,0.8414516129032258,20,0.8414516129032258,20,32000,32000,16,16,1502.937018706278,107472,4800,709f04ed33e39bc27447c736409870ed912133f1b22940ba39ab6bf0b2e9dffc
M3,3013,0.9206451612903226,39,0.9206451612903226,39,16000,16000,16,16,1615.6411441886119,107076,2400,a5b328522b4411462e074bfce168d9a99da0211927c65ac77a572cd750f6ca1c
M3,3014,0.8545161290322582,20,0.8545161290322582,20,30000,30000,16,16,1510.258730947703,105932,1400,75101a038fc0e1ddcc2817bddee40799cdc79f48ba000e76a4fb167c4c4b796f
M3,3015,0.8148387096774193,20,0.8148387096774193,20,38000,38000,16,16,1615.5733844954216,108278,2600,27c1f773f7e2efe4f1792aaa554f8bc68cec18f74917cd9c80b4b3af439d1ae2
